{
	"info": {
		"_postman_id": "casino-api-collection",
		"name": "Casino API",
		"description": "Collection for testing Casino Backend APIs",
		"schema": "https://schema.getpostman.com/json/collection/v2.1.0/collection.json"
	},
	"item": [
		{
			"name": "Authentication",
			"item": [
				{
					"name": "Login",
					"request": {
						"method": "POST",
						"header": [],
						"body": {
							"mode": "raw",
							"raw": "{\n    \"email\": \"user@example.com\",\n    \"password\": \"yourpassword\"\n}",
							"options": {
								"raw": {
									"language": "json"
								}
							}
						},
						"url": {
							"raw": "{{baseUrl}}/api/users/login",
							"host": ["{{baseUrl}}"],
							"path": ["api", "users", "login"]
						}
					}
				},
				{
					"name": "Register",
					"request": {
						"method": "POST",
						"header": [],
						"body": {
							"mode": "raw",
							"raw": "{\n    \"email\": \"newuser@example.com\",\n    \"password\": \"newpassword\",\n    \"username\": \"newuser\",\n    \"role\": \"player\"\n}",
							"options": {
								"raw": {
									"language": "json"
								}
							}
						},
						"url": {
							"raw": "{{baseUrl}}/api/users/register",
							"host": ["{{baseUrl}}"],
							"path": ["api", "users", "register"]
						}
					}
				}
			]
		},
		{
			"name": "Tournaments",
			"item": [
				{
					"name": "Get Active Tournaments",
					"request": {
						"method": "GET",
						"header": [
							{
								"key": "Authorization",
								"value": "Bearer {{authToken}}",
								"type": "text"
							}
						],
						"url": {
							"raw": "{{baseUrl}}/api/tournaments/active",
							"host": ["{{baseUrl}}"],
							"path": ["api", "tournaments", "active"]
						}
					}
				},
				{
					"name": "Join Tournament",
					"request": {
						"method": "POST",
						"header": [
							{
								"key": "Authorization",
								"value": "Bearer {{authToken}}",
								"type": "text"
							}
						],
						"url": {
							"raw": "{{baseUrl}}/api/tournaments/{{tournamentId}}/join",
							"host": ["{{baseUrl}}"],
							"path": ["api", "tournaments", "{{tournamentId}}", "join"]
						}
					}
				}
			]
		},
		{
			"name": "Rewards",
			"item": [
				{
					"name": "Get Daily Bonus",
					"request": {
						"method": "GET",
						"header": [
							{
								"key": "Authorization",
								"value": "Bearer {{authToken}}",
								"type": "text"
							}
						],
						"url": {
							"raw": "{{baseUrl}}/api/rewards/daily-bonus",
							"host": ["{{baseUrl}}"],
							"path": ["api", "rewards", "daily-bonus"]
						}
					}
				},
				{
					"name": "Claim Daily Bonus",
					"request": {
						"method": "POST",
						"header": [
							{
								"key": "Authorization",
								"value": "Bearer {{authToken}}",
								"type": "text"
							}
						],
						"url": {
							"raw": "{{baseUrl}}/api/rewards/claim-daily",
							"host": ["{{baseUrl}}"],
							"path": ["api", "rewards", "claim-daily"]
						}
					}
				}
			]
		},
		{
			"name": "Player Stats",
			"item": [
				{
					"name": "Get Leaderboard",
					"request": {
						"method": "GET",
						"header": [
							{
								"key": "Authorization",
								"value": "Bearer {{authToken}}",
								"type": "text"
							}
						],
						"url": {
							"raw": "{{baseUrl}}/api/player-stats/leaderboard?category=coins&limit=10",
							"host": ["{{baseUrl}}"],
							"path": ["api", "player-stats", "leaderboard"],
							"query": [
								{
									"key": "category",
									"value": "coins"
								},
								{
									"key": "limit",
									"value": "10"
								}
							]
						}
					}
				},
				{
					"name": "Get Achievements",
					"request": {
						"method": "GET",
						"header": [
							{
								"key": "Authorization",
								"value": "Bearer {{authToken}}",
								"type": "text"
							}
						],
						"url": {
							"raw": "{{baseUrl}}/api/player-stats/achievements",
							"host": ["{{baseUrl}}"],
							"path": ["api", "player-stats", "achievements"]
						}
					}
				}
			]
		},
		{
			"name": "Game Progress",
			"item": [
				{
					"name": "Save Game State",
					"request": {
						"method": "POST",
						"header": [
							{
								"key": "Authorization",
								"value": "Bearer {{authToken}}",
								"type": "text"
							}
						],
						"body": {
							"mode": "raw",
							"raw": "{\n    \"gameId\": \"{{gameId}}\",\n    \"state\": {\n        \"level\": 5,\n        \"score\": 1000,\n        \"inventory\": [\"item1\", \"item2\"]\n    }\n}",
							"options": {
								"raw": {
									"language": "json"
								}
							}
						},
						"url": {
							"raw": "{{baseUrl}}/api/game-progress/save-state",
							"host": ["{{baseUrl}}"],
							"path": ["api", "game-progress", "save-state"]
						}
					}
				},
				{
					"name": "Get Game Stats",
					"request": {
						"method": "GET",
						"header": [
							{
								"key": "Authorization",
								"value": "Bearer {{authToken}}",
								"type": "text"
							}
						],
						"url": {
							"raw": "{{baseUrl}}/api/game-progress/game-stats/{{gameId}}",
							"host": ["{{baseUrl}}"],
							"path": ["api", "game-progress", "game-stats", "{{gameId}}"]
						}
					}
				}
			]
		}
	],
	"variable": [
		{
			"key": "baseUrl",
			"value": "http://localhost:5000"
		},
		{
			"key": "authToken",
			"value": "your_jwt_token_here"
		},
		{
			"key": "gameId",
			"value": "game_uuid_here"
		},
		{
			"key": "tournamentId",
			"value": "tournament_uuid_here"
		}
	]
} 