{
	"info": {
		"_postman_id": "casino-backend-collection",
		"name": "Casino Backend API",
		"description": "Complete API collection for Casino Backend",
		"schema": "https://schema.getpostman.com/json/collection/v2.1.0/collection.json"
	},
	"item": [
		{
			"name": "Authentication",
			"item": [
				{
					"name": "Login",
					"request": {
						"method": "POST",
						"header": [],
						"url": {
							"raw": "{{base_url}}/api/auth/login",
							"host": ["{{base_url}}"],
							"path": ["api", "auth", "login"]
						},
						"body": {
							"mode": "raw",
							"raw": "{\n    \"email\": \"user@example.com\",\n    \"password\": \"password123\"\n}",
							"options": {
								"raw": {
									"language": "json"
								}
							}
						}
					}
				},
				{
					"name": "Register",
					"request": {
						"method": "POST",
						"header": [],
						"url": {
							"raw": "{{base_url}}/api/auth/register",
							"host": ["{{base_url}}"],
							"path": ["api", "auth", "register"]
						},
						"body": {
							"mode": "raw",
							"raw": "{\n    \"username\": \"newuser\",\n    \"email\": \"newuser@example.com\",\n    \"password\": \"password123\"\n}",
							"options": {
								"raw": {
									"language": "json"
								}
							}
						}
					}
				},
				{
					"name": "Logout",
					"request": {
						"method": "POST",
						"header": [
							{
								"key": "Authorization",
								"value": "Bearer {{token}}",
								"type": "text"
							}
						],
						"url": {
							"raw": "{{base_url}}/api/auth/logout",
							"host": ["{{base_url}}"],
							"path": ["api", "auth", "logout"]
						}
					}
				}
			]
		},
		{
			"name": "Users",
			"item": [
				{
					"name": "Get User Profile",
					"request": {
						"method": "GET",
						"header": [
							{
								"key": "Authorization",
								"value": "Bearer {{token}}",
								"type": "text"
							}
						],
						"url": {
							"raw": "{{base_url}}/api/users/profile",
							"host": ["{{base_url}}"],
							"path": ["api", "users", "profile"]
						}
					}
				},
				{
					"name": "Update User Profile",
					"request": {
						"method": "PUT",
						"header": [
							{
								"key": "Authorization",
								"value": "Bearer {{token}}",
								"type": "text"
							}
						],
						"url": {
							"raw": "{{base_url}}/api/users/profile",
							"host": ["{{base_url}}"],
							"path": ["api", "users", "profile"]
						},
						"body": {
							"mode": "raw",
							"raw": "{\n    \"username\": \"updatedname\",\n    \"bio\": \"Updated bio\",\n    \"avatar_url\": \"https://example.com/avatar.jpg\"\n}",
							"options": {
								"raw": {
									"language": "json"
								}
							}
						}
					}
				}
			]
		},
		{
			"name": "Games",
			"item": [
				{
					"name": "Get All Games",
					"request": {
						"method": "GET",
						"header": [
							{
								"key": "Authorization",
								"value": "Bearer {{token}}",
								"type": "text"
							}
						],
						"url": {
							"raw": "{{base_url}}/api/games",
							"host": ["{{base_url}}"],
							"path": ["api", "games"]
						}
					}
				},
				{
					"name": "Get Game Details",
					"request": {
						"method": "GET",
						"header": [
							{
								"key": "Authorization",
								"value": "Bearer {{token}}",
								"type": "text"
							}
						],
						"url": {
							"raw": "{{base_url}}/api/games/:id",
							"host": ["{{base_url}}"],
							"path": ["api", "games", ":id"],
							"variable": [
								{
									"key": "id",
									"value": "game_id"
								}
							]
						}
					}
				}
			]
		},
		{
			"name": "Game Sessions",
			"item": [
				{
					"name": "Start Game Session",
					"request": {
						"method": "POST",
						"header": [
							{
								"key": "Authorization",
								"value": "Bearer {{token}}",
								"type": "text"
							}
						],
						"url": {
							"raw": "{{base_url}}/api/game-sessions/start",
							"host": ["{{base_url}}"],
							"path": ["api", "game-sessions", "start"]
						},
						"body": {
							"mode": "raw",
							"raw": "{\n    \"game_id\": \"game_uuid\"\n}",
							"options": {
								"raw": {
									"language": "json"
								}
							}
						}
					}
				},
				{
					"name": "End Game Session",
					"request": {
						"method": "POST",
						"header": [
							{
								"key": "Authorization",
								"value": "Bearer {{token}}",
								"type": "text"
							}
						],
						"url": {
							"raw": "{{base_url}}/api/game-sessions/:id/end",
							"host": ["{{base_url}}"],
							"path": ["api", "game-sessions", ":id", "end"],
							"variable": [
								{
									"key": "id",
									"value": "session_id"
								}
							]
						},
						"body": {
							"mode": "raw",
							"raw": "{\n    \"coins_won\": 100,\n    \"coins_spent\": 50\n}",
							"options": {
								"raw": {
									"language": "json"
								}
							}
						}
					}
				}
			]
		},
		{
			"name": "Tournaments",
			"item": [
				{
					"name": "Get All Tournaments",
					"request": {
						"method": "GET",
						"header": [
							{
								"key": "Authorization",
								"value": "Bearer {{token}}",
								"type": "text"
							}
						],
						"url": {
							"raw": "{{base_url}}/api/tournaments",
							"host": ["{{base_url}}"],
							"path": ["api", "tournaments"]
						}
					}
				},
				{
					"name": "Get Tournament Details",
					"request": {
						"method": "GET",
						"header": [
							{
								"key": "Authorization",
								"value": "Bearer {{token}}",
								"type": "text"
							}
						],
						"url": {
							"raw": "{{base_url}}/api/tournaments/:id",
							"host": ["{{base_url}}"],
							"path": ["api", "tournaments", ":id"],
							"variable": [
								{
									"key": "id",
									"value": "tournament_id"
								}
							]
						}
					}
				},
				{
					"name": "Join Tournament",
					"request": {
						"method": "POST",
						"header": [
							{
								"key": "Authorization",
								"value": "Bearer {{token}}",
								"type": "text"
							}
						],
						"url": {
							"raw": "{{base_url}}/api/tournaments/:id/join",
							"host": ["{{base_url}}"],
							"path": ["api", "tournaments", ":id", "join"],
							"variable": [
								{
									"key": "id",
									"value": "tournament_id"
								}
							]
						}
					}
				}
			]
		},
		{
			"name": "Spin Wheel",
			"item": [
				{
					"name": "Get Spin Status",
					"request": {
						"method": "GET",
						"header": [
							{
								"key": "Authorization",
								"value": "Bearer {{token}}",
								"type": "text"
							}
						],
						"url": {
							"raw": "{{base_url}}/api/spinwheel/status",
							"host": ["{{base_url}}"],
							"path": ["api", "spinwheel", "status"]
						}
					}
				},
				{
					"name": "Spin Wheel",
					"request": {
						"method": "POST",
						"header": [
							{
								"key": "Authorization",
								"value": "Bearer {{token}}",
								"type": "text"
							}
						],
						"url": {
							"raw": "{{base_url}}/api/spinwheel/spin",
							"host": ["{{base_url}}"],
							"path": ["api", "spinwheel", "spin"]
						}
					}
				},
				{
					"name": "Get Spin History",
					"request": {
						"method": "GET",
						"header": [
							{
								"key": "Authorization",
								"value": "Bearer {{token}}",
								"type": "text"
							}
						],
						"url": {
							"raw": "{{base_url}}/api/spinwheel/history",
							"host": ["{{base_url}}"],
							"path": ["api", "spinwheel", "history"]
						}
					}
				}
			]
		},
		{
			"name": "Achievements",
			"item": [
				{
					"name": "Get All Achievements",
					"request": {
						"method": "GET",
						"header": [
							{
								"key": "Authorization",
								"value": "Bearer {{token}}",
								"type": "text"
							}
						],
						"url": {
							"raw": "{{base_url}}/api/achievements",
							"host": ["{{base_url}}"],
							"path": ["api", "achievements"]
						}
					}
				},
				{
					"name": "Get User Achievements",
					"request": {
						"method": "GET",
						"header": [
							{
								"key": "Authorization",
								"value": "Bearer {{token}}",
								"type": "text"
							}
						],
						"url": {
							"raw": "{{base_url}}/api/achievements/user",
							"host": ["{{base_url}}"],
							"path": ["api", "achievements", "user"]
						}
					}
				}
			]
		},
		{
			"name": "Daily Rewards",
			"item": [
				{
					"name": "Get Daily Reward Status",
					"request": {
						"method": "GET",
						"header": [
							{
								"key": "Authorization",
								"value": "Bearer {{token}}",
								"type": "text"
							}
						],
						"url": {
							"raw": "{{base_url}}/api/daily-rewards/status",
							"host": ["{{base_url}}"],
							"path": ["api", "daily-rewards", "status"]
						}
					}
				},
				{
					"name": "Claim Daily Reward",
					"request": {
						"method": "POST",
						"header": [
							{
								"key": "Authorization",
								"value": "Bearer {{token}}",
								"type": "text"
							}
						],
						"url": {
							"raw": "{{base_url}}/api/daily-rewards/claim",
							"host": ["{{base_url}}"],
							"path": ["api", "daily-rewards", "claim"]
						}
					}
				}
			]
		},
		{
			"name": "Leaderboard",
			"item": [
				{
					"name": "Get Global Leaderboard",
					"request": {
						"method": "GET",
						"header": [
							{
								"key": "Authorization",
								"value": "Bearer {{token}}",
								"type": "text"
							}
						],
						"url": {
							"raw": "{{base_url}}/api/leaderboard/global",
							"host": ["{{base_url}}"],
							"path": ["api", "leaderboard", "global"]
						}
					}
				},
				{
					"name": "Get Game Leaderboard",
					"request": {
						"method": "GET",
						"header": [
							{
								"key": "Authorization",
								"value": "Bearer {{token}}",
								"type": "text"
							}
						],
						"url": {
							"raw": "{{base_url}}/api/leaderboard/game/:id",
							"host": ["{{base_url}}"],
							"path": ["api", "leaderboard", "game", ":id"],
							"variable": [
								{
									"key": "id",
									"value": "game_id"
								}
							]
						}
					}
				}
			]
		},
		{
			"name": "Notifications",
			"item": [
				{
					"name": "Get All Notifications",
					"request": {
						"method": "GET",
						"header": [
							{
								"key": "Authorization",
								"value": "Bearer {{token}}",
								"type": "text"
							}
						],
						"url": {
							"raw": "{{base_url}}/api/notifications",
							"host": ["{{base_url}}"],
							"path": ["api", "notifications"]
						}
					}
				},
				{
					"name": "Mark Notification as Read",
					"request": {
						"method": "PUT",
						"header": [
							{
								"key": "Authorization",
								"value": "Bearer {{token}}",
								"type": "text"
							}
						],
						"url": {
							"raw": "{{base_url}}/api/notifications/:id/read",
							"host": ["{{base_url}}"],
							"path": ["api", "notifications", ":id", "read"],
							"variable": [
								{
									"key": "id",
									"value": "notification_id"
								}
							]
						}
					}
				}
			]
		},
		{
			"name": "Game Progress",
			"item": [
				{
					"name": "Get User Game Progress",
					"request": {
						"method": "GET",
						"header": [
							{
								"key": "Authorization",
								"value": "Bearer {{token}}",
								"type": "text"
							}
						],
						"url": {
							"raw": "{{base_url}}/api/game-progress/:gameId",
							"host": ["{{base_url}}"],
							"path": ["api", "game-progress", ":gameId"],
							"variable": [
								{
									"key": "gameId",
									"value": "game_id"
								}
							]
						}
					}
				},
				{
					"name": "Update Game Progress",
					"request": {
						"method": "PUT",
						"header": [
							{
								"key": "Authorization",
								"value": "Bearer {{token}}",
								"type": "text"
							}
						],
						"url": {
							"raw": "{{base_url}}/api/game-progress/:gameId",
							"host": ["{{base_url}}"],
							"path": ["api", "game-progress", ":gameId"],
							"variable": [
								{
									"key": "gameId",
									"value": "game_id"
								}
							]
						},
						"body": {
							"mode": "raw",
							"raw": "{\n    \"state\": {},\n    \"total_playtime\": 3600,\n    \"favorite\": true\n}",
							"options": {
								"raw": {
									"language": "json"
								}
							}
						}
					}
				}
			]
		},
		{
			"name": "Transactions",
			"item": [
				{
					"name": "Get User Transactions",
					"request": {
						"method": "GET",
						"header": [
							{
								"key": "Authorization",
								"value": "Bearer {{token}}",
								"type": "text"
							}
						],
						"url": {
							"raw": "{{base_url}}/api/transactions",
							"host": ["{{base_url}}"],
							"path": ["api", "transactions"]
						}
					}
				}
			]
		}
	],
	"event": [
		{
			"listen": "prerequest",
			"script": {
				"type": "text/javascript",
				"exec": [""]
			}
		},
		{
			"listen": "test",
			"script": {
				"type": "text/javascript",
				"exec": [""]
			}
		}
	],
	"variable": [
		{
			"key": "base_url",
			"value": "http://localhost:5000",
			"type": "string"
		},
		{
			"key": "token",
			"value": "your_jwt_token_here",
			"type": "string"
		}
	]
} 